Name,Email
David  Anderson,david.anderson1@ucalgary.ca
Ayman Abou Mehrem,a.aboumehrem@ucalgary.ca
Jean Addington,jmadding@ucalgary.ca
Kamala Adhikari Dahal,kamala.adhikaridahal@ucalgary.ca
Joenel Alcantara,jalcanta@ucalgary.ca
Belal  Alshaikh,belal.alshaikh@ahs.ca
Christophe  Altier,altier@ucalgary.ca
Mark Anselmo,mark.anselmo@ahs.ca
Juan Pablo Appendino,jp.appendino@ahs.ca
Mayi  Arcellana-Panlilio,myarcell@ucalgary.ca
Bob Argiropoulos,bob.argiropoulos@ahs.ca
Paul Arnold,paul.arnold@ucalgary.ca
Marie-Claire  Arrieta,marie.arrieta@ucalgary.ca
William Astle,william.astle@ahs.ca
Billie  Au,billie.au@ahs.ca
Michelle  Bailey,jamichelle.bailey@ahs.ca
Jaideep Bains,chantelle.barnard@ahs.ca
Chantelle  Barnard,paul.beaudry@ahs.ca
Paul  Beaudry,ntbech@ucalgary.ca
Torben Bech-Hansen,susanne.benseler@ahs.ca
Susa Benseler,benzies@ucalgary.ca
Karen Benzies,tnaberan@ucalgary.ca
Tanya  Beran, francois.bernier@ahs.ca
François Bernier,jeff.biernaskie@ucalgary.ca
Jeff Biernaskie,kathryn.birnie@ucalgary.ca
Kathryn Birnie,candice.bjornson@ahs.ca
Candice Bjornson,ablack@ucalgary.ca
Amanda Black,s.borgland@ucalgary.ca
Stephanie Borgland,chad.bousman@ucalgary.ca
Chad Bousman,hmboynto@ucalgary.ca
Heather Boynton,slbray@ucalgary.ca
Signe Bray,erin.brennand@albertahealthservices.ca
Erin Brennand,darren.brenner@ucalgary.ca
Darren Brenner,jennbrenner@me.com
Jenn Brenner,mary.brindle@ahs.ca
Mary Brindle,brook@ucalgary.ca
William Brook,brian.brooks@ahs.ca
Brian Brooks,dennis.bulman@albertaprecisionlabs.ca
Dennis Bulman,ellen.burgess@ahs.ca
Ellen Burgess,helen.carlson@ahs.ca
Helen Carlson,torie.carlson@ahs.ca
Torie Carlson,castillo@ucalgary.ca
Eliana Castillo,cawthord@ucalgary.ca
David Cawthorpe,jawchan@ucalgary.ca
Jennifer Chan,khchaput@ucalgary.ca
Katie Chaput,thierry.chekouotekou@ucalgary.ca
Thierry Chekouo,adam.cheng@ahs.ca
Adam Cheng,ncheng@ucalgary.ca
Ning Cheng,schilds@ucalgary.ca
Sarah Childs,tgchomia@ucalgary.ca
Taylor Chomiak,lorraine.chow121@gmail.com
Lorraine Chow,lifangjack.chu@ucalgary.ca
Li-Fang (Jack) Chu, aeclarke@ucalgary.ca
Ann Clarke,eaclimie@ucalgary.ca
Emma Climie,jcobb@ucalgary.ca
Jennifer Cobb,jacobb@ucalgary.ca
John Cobb,mcolicos@ucalgary.ca
Michael Colicos,Beverly.Collisson@ucalgary.ca
Beverly Collisson, elizabeth.condliffe@ucalgary.ca
Elizabeth Condliffe,suzette.cooke@ahs.ca
Suzette Cooke,robin.cox@ahs.ca
Robin Cox,Susan.Crawford@ahs.ca
Susan Crawford,jcross@ucalgary.ca
Jay Cross,nculosre@ucalgary.ca
Nicole Culos-Reed,currie@ucalgary.ca
Gillian Currie,Tito.Daodu@ahs.ca
Tito Daodu,jason.dekoning@ucalgary.ca
Jason de Koning,abldekon@ucalgary.ca
Lawrence de Koning,wendy.dean@ucalgary.ca
Wendy Dean,cdebert@ucalgary.ca
Chantel Debert,jennifer.debruyn@ahs.ca
Jennifer deBruyn,dderksen@ucalgary.ca
Darren Derksen,tammie.dewan@albertahealthservices.ca
Tammie Dewan,dmdewey@ucalgary.ca
Deborah Dewey,dickinsj@ucalgary.ca
James Dickinson,gdimit@ucalgary.ca
Gina Dimitropoulos, idobrins@ucalgary.ca
Ina Dobrinski,tldonnon@ucalgary.ca
Tyrone Donnon,lois.donovan@ahs.ca
Lois Donovan,pdoyleba@ucalgary.ca
Tish Doyle-Baker,linda.duffettleger@ucalgary.ca
Linda Duffett-Leger,mjdunbar@ucalgary.ca
Mary Dunbar,dunnj@ucalgary.ca
Jeff Dunn,rdyck@ucalgary.ca
Richard Dyck,peaston@ucalgary.ca
Paul Easton,charlene.elliott@ucalgary.ca
Charlene Elliott,annaells@mac.com
Anna Ells,caemery@ucalgary.ca
Carolyn Emery,michael.esser@ahs.ca
Michael Esser,deinera.exner2@ucalgary.ca
Deinera Exner-Cortens,carlos.fajardo@ahs.ca
Carlos Fajardo,Taryn.Fay-McClymont@ahs.ca
Taryn Fay-McClymont,tfenton@ucalgary.ca
Tanis Fenton,ferridb@ucalgary.ca
Fabio Ferri-de-Barros,fewell@ucalgary.ca
James Fewell,miranda.fidler-benaoudia@ahs.ca
Miranda Fidler-Benaoudia,lfloresd@ucalgary.ca
Laura Flores-Sarnat,nils.forkert@ucalgary.ca
Nils Forkert,stephen.freedman@ahs.ca
Stephen Freedman,leigh.gabel@ucalgary.ca
Leigh Gabel,vince.gabriel@ahs.ca
Vincent Gabriel,gary.galante@ahs.ca
Gary Galante,galclare@gmail.com
Clare Gallagher,marco.gallo@ucalgary.ca
Marco Gallo,julio.garciaflores@ucalgary.ca
Julio Garcia Flores,ben.gibbard@ahs.ca
Ben Gibbard,dominica.gidrewicz@ahs.ca
Dominica Gidrewicz,ggiesbre@ucalgary.ca
Gerald Giesbrecht,eli.gilad@albertahealthservices.ca
Eli Gilad,jsgillea@ucalgary.ca
John Gilleard,vithya.gnanakumar@ahs.ca
Vithya Gnanakumar,rgoldade@telus.net
Roxanne Goldade,grahams@ucalgary.ca
Susan Graham,vjgrant@ucalgary.ca
Vincent Grant,steven.greenway@ahs.ca
Steven Greenway,grewalss@ucalgary.ca
Savraj Grewal,silviu.grisaru@ahs.ca
Silviu Grisaru,guichon@ucalgary.ca
Juliet Guichon,greg.guilcher@ahs.ca
Greg Guilcher,jiami.guo@ucalgary.ca
Jiami Guo,walter.hader@ahs.ca
Walter Hader,brent.hagel@ahs.ca
Brent Hagel,sarah.hall@ahs.ca
Sarah Hall,bhallgri@ucalgary.ca
Benedikt Hallgrímsson,lorraine.hamiwka@ahs.ca
Lorraine Hamiwka,dhansen@ucalgary.ca
Dave Hansen,ashley.harris2@ucalgary.ca
Ashley Harris,hasans@ucalgary.ca
Shabih U Hasan,rhawkes@ucalgary.ca
Richard Hawkes,myriam.hemberger@ucalgary.ca
Myriam Hemberger,Leonora.Hendson@ahs.ca
Leonora Hendson,walter@kin.ucalgary.ca
Walter Herzog,mnhill@ucalgary.ca
Matthew Hill,shirota@ucalgary.ca
Simon  Hirota,josephine.ho@ahs.ca
Josephine Ho,mhollenb@ucalgary.ca
Morley Hollenberg,hub@ucalgary.ca
Bin Hu,Carol.Huang@ahs.ca
Carol Huang,huangp@ucalgary.ca
Peng Huang,giaria@ucalgary.ca
Giuseppe Iaria,micheil.innes@ahs.ca
Micheil Innes,julia.jacobslevan@ucalgary.ca
Julia Jacobs-LeVan,cnjenne@ucalgary.ca
Craig Jenne,jirik@ucalgary.ca
Frank Jirik,david.johnson@ahs.ca
David Johnson,joann.johnson@ahs.ca
Jo-Ann Johnson,nicole.johnson@albertahealthservices.ca
Nicole Johnson,cyne.johnston@ahs.ca
Cyne Johnston,joughin@ucalgary.ca
Elaine Joughin,karen.kam@ahs.ca
Karen Kam,kaplan@ucalgary.ca
Bonnie Kaplan,Jim.Kellner@ahs.ca
Jim Kellner,mmkelly@ucalgary.ca
Margaret  Kelly,kennys@ucalgary.ca
Sarah Kenny,khaa@ucalgary.ca
Aneal Khan,fkhan@ucalgary.ca
Faisal Khan,dawn.kingston@ucalgary.ca
Dawn Kingston,adam.kirton@ahs.ca
Adam Kirton,karl.klein@ucalgary.ca
Karl Martin Klein,daniel.kopalasibley@ucalgary.ca
Daniel Kopala-Sibley,susan.kuhn@ahs.ca
Susan Kuhn,gkuntze@ucalgary.ca
Gregor Kuntze,kyle.kurek@ucalgary.ca
Kyle Kurek,verena.kuret@albertahealthservices.ca
Verena Kuret,Kurrasch@ucalgary.ca
Deborah Kurrasch,Thierry.Lacaze@ahs.ca
Thierry Lacaze-Masmonteil,lucie.lafay-cousin@ahs.ca
Lucie Lafay-Cousin,laingc@ucalgary.ca
Catherine Laing,ryan.lamont@ahs.ca
Ryan Lamont,julie.lauzon@ahs.ca
Julie Lauzon,clebel@ucalgary.ca
Catherine Lebel,marc.lebel@ge.com
Marc Lebel,kylee@ucalgary.ca
Ki-Young Lee,laurie.lee@ahs.ca
Laurie Lee,lara.leijser@ucalgary.ca
Lara Leijser,jf.lemay@ahs.ca
Jean-François Lemay,nicole.letourneau@ucalgary.ca
Nicole Letourneau,bleun@ucalgary.ca
Brenda Leung,pierre.levan@ucalgary.ca
Pierre LeVan,victor.lewis@ahs.ca
Victor Lewis,cylind@ucalgary.ca
Candace Lind,abhay.lodha@ahs.ca
Abhay Lodha,alex.lohman@ucalgary.ca
Alex Lohman,quan.long@ucalgary.ca
Quan Long,nadia.luca@ahs.ca
Nadia Luca,paola.luca@ahs.ca
Paola Luca,william.macallister@ahs.ca
William MacAllister,smacdon@ualberta.ca
Shannon MacDonald,bmaclaur@ucalgary.ca
Bruce MacLaurin,fmacmast@ucalgary.ca
Frank MacMaster,wmacnaug@ucalgary.ca
Wallace MacNaughton,sheri.madigan@ucalgary.ca
Sheri Madigan,jkmah@ucalgary.ca
Jean Mah,djmahone@ucalgary.ca
Douglas Mahoney,mains@ucalgary.ca
Paul Mains,embacken@ucalgary.ca
Erica Makarenko,jmmarkid@ucalgary.ca
Jennifer Markides,damarsha@ucalgary.ca
Deborah Marshall,cpugh@ucalgary.ca
Steven Martin,stevenr.martin@ahs.ca
Davide Martino,davide.martino@ucalgary.ca
Ashish Marwaha,Ashish.Marwaha@albertahealthservices.ca
Adam McCrimmon,awmccrim@ucalgary.ca
Sheila McDonald,sheilaw.mcdonald@albertahealthservices.ca
Sarah McFarlane,smcfarla@ucalgary.ca
Jim McGhee,jmcghee@ucalgary.ca
John  McLennan,jmclenna@ucalgary.ca 
Scott McLeod,scott.mcleod2@ahs.ca
Carly McMorris,camcmorr@ucalgary.ca
Deborah McNeil,debbie.mcneil@ahs.ca
Amanda Melin,amanda.melin@ucalgary.ca
Amy Metcalfe,amy.metcalfe@ahs.ca
Megan Metzler,megan.metzler@ahs.ca
Beata Mickiewicz,bmmickie@ucalgary.ca
Julian Midgley,julian.midgley@ahs.ca
Paivi Miettunen,paivi.miettunen@albertahealthservices.ca
Katrina Milaney,katrina.milaney@ucalgary.ca
Kelly Millar,kelly.millar@ahs.ca
Guillaume Millet,gmillet@ucalgary.ca
Aleksandra Mineyko,aleksandra.mineyko@ahs.ca
Ian Mitchell,imitche@ucalgary.ca
Khorshid Mohammad,khorshid.mohammad@ahs.ca
Sorana Morrissy,sorana.morrissy@ucalgary.ca
Dianne Mosher,dpmosher@ucalgary.ca
Mohammad Moshirpour,mmoshirp@ucalgary.ca
Nancy Moules,njmoules@ucalgary.ca
Luis Murguía-Favela,luis.murguiafavela@ahs.ca
Kara Murias,kara.murias@ahs.ca
Aru Narendran,anarendr@ucalgary.ca
Robert Newton,rnewton@ucalgary.ca
Minh Dang Nguyen,mdnguyen@ucalgary.ca
David Nicholas,nicholas@ucalgary.ca
Melanie Noel,melanie.noel@ucalgary.ca
Mary Noseworthy,mary.noseworthy@ahs.ca
Serena Orr,serena.orr@ahs.ca
Danièle Pacaud,daniele.pacaud@ahs.ca
Jillian Parboosingh,jillian.parboosingh@ahs.ca
Kati Pasanen,kati.pasanen@ucalgary.ca
Scott Patten,patten@ucalgary.ca
David Patton,david.patton@ahs.ca
Eric  Payne,eric.payne@albertahealthservices.ca
Wendy Pelletier,wendy.pelletier@ahs.ca
Rebecca Perry,rebecca.perry@ahs.ca
Penny Pexman,pexman@ucalgary.ca
Gerald Pfeffer,gerald.pfeffer2@ucalgary.ca
Dylan Pillai,drpillai@ucalgary.ca
Jorge Pinzon,jorge.pinzon@ahs.ca
Quentin Pittman,pittman@ucalgary.ca
Tamara Pringsheim,tmprings@ucalgary.ca
Jack (Yacov) Rabi,jack.rabi@ahs.ca
Leticia Radin Pereira,leticia.radinpereira@ucalgary.ca
Michele Ramien,michele.ramien@ahs.ca
Derrick Rancourt,rancourt@ucalgary.ca
Nivez Rasic,nivez.rasic@ahs.ca
Raylene Reimer,reimer@ucalgary.ca
Gesche Riabowol,gesche.tallen@albertahealthservices.ca
Karl Riabowol,karl@ucalgary.ca
Tiffany Rice,Tiffany.Rice@ahs.ca
Tina Rinker,tina.rinker@ucalgary.ca
Jay Riva-Cambrin,jay.rivacambrin@ucalgary.ca
Stephen Robbins,srobbins@ucalgary.ca
Paul Ronksley,peronksl@ucalgary.ca
Kharah  Ross,kharah.ross@ucalgary.ca
Shelly Russell-Mayhew,mkrussel@ucalgary.ca
Susan Samuel,susan.samuel@ahs.ca
Amonpreet Sandhu,amonpreet.sandhu@ahs.ca
Maria Santana,mjsantan@ucalgary.ca
Derya Sargin,derya.sargin@ucalgary.ca
Harvey Sarnat,hbsarnat@ucalgary.ca
Tyson Sawchuk,tyson.sawchuk@ahs.ca
Morris Scantlebury,morris.scantlebury@ahs.ca
Heinrike Schmeling,Heinrike.Schmeling@ahs.ca
Kathryn Schneider,kjschnei@ucalgary.ca
Dave Schriemer,dschriem@ucalgary.ca
Anthony Schryvers,schryver@ucalgary.ca
Fiona Schulte,fiona.schulte@ahs.ca
Kelly Schwartz,kdschwar@ucalgary.ca
Donna Senger,senger@ucalgary.ca
Cynthia Seow,cseow@ucalgary.ca
Jane Shearer,jshearer@ucalgary.ca
Timothy Shutt,timothy.shutt@ucalgary.ca
David Sinasac,david.sinasac@ahs.ca
Shane Sinclair,sinclair@ucalgary.ca
Nalini Singhal,nalini.singhal@ahs.ca
Leslie Skeith,laskeith@ucalgary.ca
Donna Slater,dmslater@ucalgary.ca
Jonathan Smirl,jonathan.smirl@ucalgary.ca
Francine Smith,fsmith@ucalgary.ca
Jacqueline Smith,jacqueline.smith1@ucalgary.ca
Kim Smyth,kim.smyth@ahs.ca
Nancy Soliman,nancy.soliman@ahs.ca
Amuchou Soraisham,Amuchou.soraisham@ahs.ca
Tanya Spence,tanya.spence@ahs.ca
Antonia Stang,antonia.stang@ahs.ca
MacGregor Steele,macgregor.steele@ahs.ca
Bill Stell,wstell@ucalgary.ca
Amelie Stritzke,amelie.stritzke@ahs.ca
Doug Strother,doug.strother@ahs.ca
Laura Sycuro,laura.sycuro@ucalgary.ca
Naweed Syed,nisyed@ucalgary.ca
Jason Taggart,jason.taggart@ahs.ca
Maja Tarailo-Graovac,maja.tarailograovac@ucalgary.ca
Valerie Taylor,valerie.taylor@ucalgary.ca
Cam Teskey,gteskey@ucalgary.ca
Mary Ann Thomas,maryann.thomas@ahs.ca
Graham Thompson,graham.thompson@ahs.ca
Jennifer Thompson,Jennifer.thompson2@ucalgary.ca
Jennifer Thull-Freedman,jennifer.thull-freedman@ahs.ca
Jacob Thundathil,jthundat@ucalgary.ca
Lianne Tomfohr-Madsen,ltomfohr@ucalgary.ca
Suzanne Tough,stough@ucalgary.ca
Emma Towlson,emma.towlson@ucalgary.ca
Tuan Trang,trangt@ucalgary.ca
Tony Truong,tony.truong@ahs.ca
Ray Turner,rwturner@ucalgary.ca
Marinka Twilt,marinka.twilt@ahs.ca
Mark Ungrin,mdungrin@ucalgary.ca
Otto Vanderkooi,ovanderk@ucalgary.ca
Marsha Vasserman,marsha.vasserman@ahs.ca
Joseph Vayalumkal,joseph.vayalumkal@ahs.ca
Jillian Vinall Miller,jillian.miller1@ucalgary.ca
Gemma Vomiero,gemma.vomiero@ahs.ca
Kristin von Ranson,kvonrans@ucalgary.ca
Andrew Wade,aawade@me.com
Christine Walsh,cwalsh@ucalgary.ca
Edwin Wang,edwin.wang@ucalgary.ca
Chris Waterhouse,chris.waterhouse@ahs.ca
Patrick Whelan,whelan@ucalgary.ca
Samuel Wiebe,swiebe@ucalgary.ca
Gabrielle Wilcox,gwilcox@ucalgary.ca
Tyler Williamson,tyler.williamson@ucalgary.ca
Douglas Wilson,Doug.Wilson@ahs.ca
Richard Wilson,wilsonr@ucalgary.ca
Warren Wilson,wwilson@ucalgary.ca
Stephen Wood,stephen.wood@ahs.ca
Nicola Wright,Nicola.Wright@ahs.ca
Iwona Wrobel, iwona.wrobel@ahs.ca
Theresa Wu,theresa.wu@ahs.ca
Natalie Yanchar,natalie.yanchar@ahs.ca
Guang Yang,guang.yang2@ucalgary.ca
Lin  Yang,lin.yang@ahs.ca
Sam Yeaman,samuel.yeaman@ucalgary.ca
Keith Yeates,kyeates@ucalgary.ca
Warren Yunker,warren.yunker@ahs.ca
Kamran Yusuf,kyusuf@ucalgary.ca
Gerald Zamponi,zamponi@ucalgary.ca
Qingrun Zhang,qingrun.zhang@ucalgary.ca
Yunyan Zhang,yunyzhan@ucalgary.ca
Jennifer Zwicker,zwicker1@ucalgary.ca
